Workbook

Sheet 표지·요약
B2: [지역명] 팝업·공실 매칭 IT 플랫폼 구축 사업
B3: 예 산 안 (Draft) — IT 영역
B4: 당신의 아이디어가 머물 자리. · Empty rooms, full of possibilities.
B6: 단위: 원 (₩) · 부가세 별도 · 사업 기간 2026. 6. ~ 2027. 12. · 본 예산 범위: 구축기 (2026. 6. ~ 2026. 12., 6개월)
B7: 작성: [운영기관] / 2026. 5.
B9: ■ 시나리오별 예산 규모
B10: 기준안 | C10: 300000000
B11: 확장안 | C11: 500000000
B14: 대분류 | C14: 기준안 (3억) | D14: 확장안 (5억) | E14: 비중 (기준안) | F14: 비고
B15: 1. 인프라·클라우드 | C15: =상세!H12 -> 19100000 | D15: =상세!L12 -> 33500000 | E15: =C15/C$25 -> 0.063666667 | F15: 서버·DB·CDN·모니터링 등 클라우드 운영 인프라
B16: 2. AI·외부 API | C16: =상세!H24 -> 17700000 | D16: =상세!L24 -> 30300000 | E16: =C16/C$25 -> 0.059 | F16: LLM·지도·결제·알림톡 등 외부 API 사용량 기반
B17: 3. SW 라이센스·툴 | C17: =상세!H34 -> 7900000 | D17: =상세!L34 -> 14000000 | E17: =C17/C$25 -> 0.026333333 | F17: 개발·디자인·분석 협업 도구
B18: 4. 개발 인건비 (외주·계약) | C18: =상세!H43 -> 135300000 | D18: =상세!L43 -> 225900000 | E18: =C18/C$25 -> 0.451 | F18: 프론트·백엔드·AI/ML·디자인 외주 인건비
B19: 5. 디자인·콘텐츠 | C19: =상세!H53 -> 29000000 | D19: =상세!L53 -> 46700000 | E19: =C19/C$25 -> 0.096666667 | F19: BI·디자인 시스템·사진·매거진 콘텐츠 제작
B20: 6. 데이터 구축 | C20: =상세!H62 -> 16150000 | D20: =상세!L62 -> 28800000 | E20: =C20/C$25 -> 0.053833333 | F20: 공실·상권·행정 데이터 수집·정제·DB 구축
B21: 7. 보안·법무·인증 | C21: =상세!H71 -> 12000000 | D21: =상세!L71 -> 20000000 | E21: =C21/C$25 -> 0.04 | F21: 보안 진단·개인정보·법무 자문·보험
B22: 8. 운영·고객지원 | C22: =상세!H79 -> 18150000 | D22: =상세!L79 -> 28600000 | E22: =C22/C$25 -> 0.0605 | F22: CS·운영 매니저·매뉴얼·정기 점검
B23: 9. 마케팅 (IT 영역) | C23: =상세!H88 -> 21200000 | D23: =상세!L88 -> 31700000 | E23: =C23/C$25 -> 0.070666667 | F23: SEO·디지털 광고·랜딩 페이지·PR
B24: 10. 사업관리·예비비 | C24: =상세!H95 -> 23500000 | D24: =상세!L95 -> 40500000 | E24: =C24/C$25 -> 0.078333333 | F24: 총괄 PM·회계·일반관리비·예비비
B25: 합 계 | C25: =SUM(C15:C24) -> 300000000 | D25: =SUM(D15:D24) -> 500000000 | E25: =SUM(E15:E24) -> 1
B27: ※ 부가세는 항목별 별도 산정. 본 예산은 IT 영역에 한함.
B28: ※ 본 예산은 구축기(2026. 6. ~ 2026. 12.) 기준이며, 운영기 이후의 운영비는 사업 진행 결과에 따라 별도 산정함.
B29: ※ 단가는 시장 일반 단가를 기준으로 산정하였으며, 사업 확정 단계에서 견적·계약 시 재산정한다.

Sheet 상세
A1: 번호 | B1: 대분류 | C1: 세부 항목 | D1: 단위 | E1: 수량 | F1: 단가 | G1: 기간 | H1: 기준안 소계 (원) | I1: 수량 | J1: 단가 | K1: 기간 | L1: 확장안 소계 (원) | M1: 비고
E2: ── 기준안 (3억) ── | I2: ── 확장안 (5억) ──
B3: 1. 인프라·클라우드
A4: 1 | C4: 클라우드 컴퓨팅 (Compute, Auto-scaling) | D4: 월 | E4: 1 | F4: 1200000 | G4: 6 | H4: =E4*F4*G4 -> 7200000 | I4: 1 | J4: 2000000 | K4: 6 | L4: =I4*J4*K4 -> 12000000 | M4: AWS/GCP. 트래픽 증가 시 비례 확대
A5: 2 | C5: 매니지드 DB (PostgreSQL, Multi-AZ) | D5: 월 | E5: 1 | F5: 500000 | G5: 6 | H5: =E5*F5*G5 -> 3000000 | I5: 1 | J5: 900000 | K5: 6 | L5: =I5*J5*K5 -> 5400000 | M5: RDS 등. HA 구성
A6: 3 | C6: 캐시·세션 (Redis) | D6: 월 | E6: 1 | F6: 200000 | G6: 6 | H6: =E6*F6*G6 -> 1200000 | I6: 1 | J6: 350000 | K6: 6 | L6: =I6*J6*K6 -> 2100000 | M6: ElastiCache 등
A7: 4 | C7: 오브젝트 스토리지·CDN (이미지·콘텐츠) | D7: 월 | E7: 1 | F7: 300000 | G7: 6 | H7: =E7*F7*G7 -> 1800000 | I7: 1 | J7: 550000 | K7: 6 | L7: =I7*J7*K7 -> 3300000 | M7: S3 + CloudFront
A8: 5 | C8: 도메인·SSL·DNS | D8: 식 | E8: 1 | F8: 500000 | G8: 1 | H8: =E8*F8*G8 -> 500000 | I8: 1 | J8: 800000 | K8: 1 | L8: =I8*J8*K8 -> 800000 | M8: 다년도 갱신 포함
A9: 6 | C9: APM·에러·로그 모니터링 | D9: 월 | E9: 1 | F9: 400000 | G9: 6 | H9: =E9*F9*G9 -> 2400000 | I9: 1 | J9: 800000 | K9: 6 | L9: =I9*J9*K9 -> 4800000 | M9: Sentry/DataDog
A10: 7 | C10: 로그 수집·관측 (Log Analytics) | D10: 월 | E10: 1 | F10: 300000 | G10: 6 | H10: =E10*F10*G10 -> 1800000 | I10: 1 | J10: 600000 | K10: 6 | L10: =I10*J10*K10 -> 3600000 | M10: 이벤트 분석 기반
A11: 8 | C11: 백업·재해복구 | D11: 월 | E11: 1 | F11: 200000 | G11: 6 | H11: =E11*F11*G11 -> 1200000 | I11: 1 | J11: 250000 | K11: 6 | L11: =I11*J11*K11 -> 1500000 | M11: RPO 24h 기준
B12: 1. 인프라·클라우드 소계 | H12: =SUM(H4:H11) -> 19100000 | L12: =SUM(L4:L11) -> 33500000
B13: 2. AI·외부 API
A14: 9 | C14: LLM 토큰 — 콘텐츠·카피 생성 | D14: 월 | E14: 1 | F14: 600000 | G14: 6 | H14: =E14*F14*G14 -> 3600000 | I14: 1 | J14: 1000000 | K14: 6 | L14: =I14*J14*K14 -> 6000000 | M14: OpenAI/Anthropic 사용량 기반
A15: 10 | C15: LLM 토큰 — 매칭 추천·자연어 질의 | D15: 월 | E15: 1 | F15: 400000 | G15: 6 | H15: =E15*F15*G15 -> 2400000 | I15: 1 | J15: 700000 | K15: 6 | L15: =I15*J15*K15 -> 4200000 | M15: 동네·브랜드 적합도 추천
A16: 11 | C16: 임베딩·벡터 DB | D16: 월 | E16: 1 | F16: 200000 | G16: 6 | H16: =E16*F16*G16 -> 1200000 | I16: 1 | J16: 400000 | K16: 6 | L16: =I16*J16*K16 -> 2400000 | M16: Pinecone/PGVector
A17: 12 | C17: 이미지 생성 API (OG·SNS 소재) | D17: 월 | E17: 1 | F17: 200000 | G17: 6 | H17: =E17*F17*G17 -> 1200000 | I17: 1 | J17: 400000 | K17: 6 | L17: =I17*J17*K17 -> 2400000 | M17: 광고 소재 자동화
A18: 13 | C18: 지도 API (지오코딩·POI·라우팅) | D18: 월 | E18: 1 | F18: 350000 | G18: 6 | H18: =E18*F18*G18 -> 2100000 | I18: 1 | J18: 500000 | K18: 6 | L18: =I18*J18*K18 -> 3000000 | M18: 네이버/카카오 지도
A19: 14 | C19: 결제 PG 연동 (고정비) | D19: 월 | E19: 1 | F19: 200000 | G19: 6 | H19: =E19*F19*G19 -> 1200000 | I19: 1 | J19: 300000 | K19: 6 | L19: =I19*J19*K19 -> 1800000 | M19: 거래액 % 수수료는 별도
A20: 15 | C20: SMS·카카오 알림톡 | D20: 월 | E20: 1 | F20: 550000 | G20: 6 | H20: =E20*F20*G20 -> 3300000 | I20: 1 | J20: 1000000 | K20: 6 | L20: =I20*J20*K20 -> 6000000 | M20: 팝업 운영 알림 발송
A21: 16 | C21: 본인인증·CI/DI | D21: 월 | E21: 1 | F21: 150000 | G21: 6 | H21: =E21*F21*G21 -> 900000 | I21: 1 | J21: 250000 | K21: 6 | L21: =I21*J21*K21 -> 1500000 | M21: 임대인·브랜드 인증
A22: 17 | C22: OCR·이미지 분석 | D22: 월 | E22: 1 | F22: 150000 | G22: 6 | H22: =E22*F22*G22 -> 900000 | I22: 1 | J22: 250000 | K22: 6 | L22: =I22*J22*K22 -> 1500000 | M22: 매물 사진 자동 태깅
A23: 18 | C23: 전자계약 API | D23: 월 | E23: 1 | F23: 150000 | G23: 6 | H23: =E23*F23*G23 -> 900000 | I23: 1 | J23: 250000 | K23: 6 | L23: =I23*J23*K23 -> 1500000 | M23: 단기 임대 계약
B24: 2. AI·외부 API 소계 | H24: =SUM(H14:H23) -> 17700000 | L24: =SUM(L14:L23) -> 30300000
B25: 3. SW 라이센스·툴
A26: 19 | C26: 협업툴 (Notion·Slack) 팀 라이센스 | D26: 월 | E26: 8 | F26: 25000 | G26: 6 | H26: =E26*F26*G26 -> 1200000 | I26: 10 | J26: 30000 | K26: 6 | L26: =I26*J26*K26 -> 1800000 | M26: 팀 인원 × 단가
A27: 20 | C27: 디자인툴 (Figma) | D27: 월 | E27: 4 | F27: 25000 | G27: 6 | H27: =E27*F27*G27 -> 600000 | I27: 6 | J27: 30000 | K27: 6 | L27: =I27*J27*K27 -> 1080000 | M27: 디자인·기획 인원
A28: 21 | C28: 코드 저장소·CI/CD (GitHub) | D28: 월 | E28: 8 | F28: 10000 | G28: 6 | H28: =E28*F28*G28 -> 480000 | I28: 10 | J28: 12000 | K28: 6 | L28: =I28*J28*K28 -> 720000 | M28: 개발 인원
A29: 22 | C29: 프로젝트 관리 (Linear/Jira) | D29: 월 | E29: 8 | F29: 15000 | G29: 6 | H29: =E29*F29*G29 -> 720000 | I29: 10 | J29: 20000 | K29: 6 | L29: =I29*J29*K29 -> 1200000 | M29: 팀 라이센스
A30: 23 | C30: 프로덕트 분석 SaaS (Mixpanel/Amplitude) | D30: 월 | E30: 1 | F30: 400000 | G30: 6 | H30: =E30*F30*G30 -> 2400000 | I30: 1 | J30: 700000 | K30: 6 | L30: =I30*J30*K30 -> 4200000 | M30: 행동 분석
A31: 24 | C31: E2E 테스트·QA 자동화 | D31: 월 | E31: 1 | F31: 200000 | G31: 6 | H31: =E31*F31*G31 -> 1200000 | I31: 1 | J31: 400000 | K31: 6 | L31: =I31*J31*K31 -> 2400000 | M31: Playwright Cloud 등
A32: 25 | C32: 폰트·디자인 에셋 라이브러리 | D32: 식 | E32: 1 | F32: 400000 | G32: 1 | H32: =E32*F32*G32 -> 400000 | I32: 1 | J32: 800000 | K32: 1 | L32: =I32*J32*K32 -> 800000 | M32: 상업 라이센스
A33: 26 | C33: 보안 스캔·취약점 진단 도구 | D33: 월 | E33: 1 | F33: 150000 | G33: 6 | H33: =E33*F33*G33 -> 900000 | I33: 1 | J33: 300000 | K33: 6 | L33: =I33*J33*K33 -> 1800000 | M33: SAST/DAST
B34: 3. SW 라이센스·툴 소계 | H34: =SUM(H26:H33) -> 7900000 | L34: =SUM(L26:L33) -> 14000000
B35: 4. 개발 인건비 (외주·계약)
A36: 27 | C36: 프론트엔드 개발 — 시니어 | D36: M/M | E36: 0.8 | F36: 6500000 | G36: 6 | H36: =E36*F36*G36 -> 31200000 | I36: 1 | J36: 9000000 | K36: 6 | L36: =I36*J36*K36 -> 54000000 | M36: 주요 UI·반응형
A37: 28 | C37: 백엔드 개발 — 시니어 | D37: M/M | E37: 0.8 | F37: 7000000 | G37: 6 | H37: =E37*F37*G37 -> 33600000 | I37: 1 | J37: 9500000 | K37: 6 | L37: =I37*J37*K37 -> 57000000 | M37: API·데이터 모델
A38: 29 | C38: 백엔드 개발 — 미들 (도메인) | D38: M/M | E38: 0.5 | F38: 5500000 | G38: 6 | H38: =E38*F38*G38 -> 16500000 | I38: 1 | J38: 6500000 | K38: 6 | L38: =I38*J38*K38 -> 39000000 | M38: 결제·매칭 도메인
A39: 30 | C39: AI/ML 엔지니어 (파트타임) | D39: M/M | E39: 0.3 | F39: 10000000 | G39: 6 | H39: =E39*F39*G39 -> 18000000 | I39: 0.5 | J39: 10000000 | K39: 6 | L39: =I39*J39*K39 -> 30000000 | M39: 추천·자연어 모델
A40: 31 | C40: DevOps·SRE (파트타임) | D40: M/M | E40: 0.2 | F40: 8000000 | G40: 6 | H40: =E40*F40*G40 -> 9600000 | I40: 0.2 | J40: 9000000 | K40: 6 | L40: =I40*J40*K40 -> 10800000 | M40: CI/CD·관측
A41: 32 | C41: QA·테스트 엔지니어 | D41: M/M | E41: 0.3 | F41: 5500000 | G41: 6 | H41: =E41*F41*G41 -> 9900000 | I41: 0.4 | J41: 6500000 | K41: 6 | L41: =I41*J41*K41 -> 15600000 | M41: 릴리스 품질
A42: 33 | C42: 프로덕트 디자이너 (UX/UI) | D42: M/M | E42: 0.5 | F42: 5500000 | G42: 6 | H42: =E42*F42*G42 -> 16500000 | I42: 0.5 | J42: 6500000 | K42: 6 | L42: =I42*J42*K42 -> 19500000 | M42: 디자인 시스템·핵심 흐름
B43: 4. 개발 인건비 (외주·계약) 소계 | H43: =SUM(H36:H42) -> 135300000 | L43: =SUM(L36:L42) -> 225900000
B44: 5. 디자인·콘텐츠
A45: 34 | C45: 브랜드 디자인 — BI·로고·매뉴얼 | D45: 식 | E45: 1 | F45: 6000000 | G45: 1 | H45: =E45*F45*G45 -> 6000000 | I45: 1 | J45: 10000000 | K45: 1 | L45: =I45*J45*K45 -> 10000000 | M45: 본 사업 BI 통일
A46: 35 | C46: 디자인 시스템 구축 (토큰·컴포넌트) | D46: 식 | E46: 1 | F46: 4000000 | G46: 1 | H46: =E46*F46*G46 -> 4000000 | I46: 1 | J46: 6000000 | K46: 1 | L46: =I46*J46*K46 -> 6000000 | M46: 재활용 가능 자산
A47: 36 | C47: UX 리서치 (임대인·브랜드 인터뷰) | D47: 회 | E47: 6 | F47: 400000 | G47: 1 | H47: =E47*F47*G47 -> 2400000 | I47: 12 | J47: 400000 | K47: 1 | L47: =I47*J47*K47 -> 4800000 | M47: 회당 사례비·운영비
A48: 37 | C48: 공간 사진 촬영 | D48: 회 | E48: 6 | F48: 500000 | G48: 1 | H48: =E48*F48*G48 -> 3000000 | I48: 10 | J48: 500000 | K48: 1 | L48: =I48*J48*K48 -> 5000000 | M48: 동네별 매물 촬영
A49: 38 | C49: 영상 촬영·편집 (동네 시그니처) | D49: 편 | E49: 2 | F49: 2000000 | G49: 1 | H49: =E49*F49*G49 -> 4000000 | I49: 3 | J49: 2000000 | K49: 1 | L49: =I49*J49*K49 -> 6000000 | M49: 동네 1편 + 캠페인
A50: 39 | C50: 매거진 콘텐츠 에디터·카피라이팅 | D50: 편 | E50: 6 | F50: 800000 | G50: 1 | H50: =E50*F50*G50 -> 4800000 | I50: 9 | J50: 800000 | K50: 1 | L50: =I50*J50*K50 -> 7200000 | M50: 동네 매거진
A51: 40 | C51: 인터뷰·스토리텔링 콘텐츠 | D51: 편 | E51: 3 | F51: 600000 | G51: 1 | H51: =E51*F51*G51 -> 1800000 | I51: 5 | J51: 700000 | K51: 1 | L51: =I51*J51*K51 -> 3500000 | M51: 임대인·브랜드 스토리
A52: 41 | C52: OG·SNS 소재 디자인 | D52: 월 | E52: 1 | F52: 500000 | G52: 6 | H52: =E52*F52*G52 -> 3000000 | I52: 1 | J52: 700000 | K52: 6 | L52: =I52*J52*K52 -> 4200000 | M52: 캠페인 소재
B53: 5. 디자인·콘텐츠 소계 | H53: =SUM(H45:H52) -> 29000000 | L53: =SUM(L45:L52) -> 46700000
B54: 6. 데이터 구축
A55: 42 | C55: 공실 데이터 수집 — 현장 조사 | D55: 건 | E55: 150 | F55: 15000 | G55: 1 | H55: =E55*F55*G55 -> 2250000 | I55: 300 | J55: 17000 | K55: 1 | L55: =I55*J55*K55 -> 5100000 | M55: 건당 사례비·교통비
A56: 43 | C56: 공실 데이터 검증·표준화 | D56: 건 | E56: 150 | F56: 8000 | G56: 1 | H56: =E56*F56*G56 -> 1200000 | I56: 300 | J56: 8000 | K56: 1 | L56: =I56*J56*K56 -> 2400000 | M56: 라벨링·중복 제거
A57: 44 | C57: 상권·유동 데이터 구매 | D57: 식 | E57: 1 | F57: 5000000 | G57: 1 | H57: =E57*F57*G57 -> 5000000 | I57: 1 | J57: 8000000 | K57: 1 | L57: =I57*J57*K57 -> 8000000 | M57: 민간/공공 데이터셋
A58: 45 | C58: 행정·공공 데이터 정제·매핑 | D58: 식 | E58: 1 | F58: 2500000 | G58: 1 | H58: =E58*F58*G58 -> 2500000 | I58: 1 | J58: 4000000 | K58: 1 | L58: =I58*J58*K58 -> 4000000 | M58: 지자체 제공 데이터 가공
A59: 46 | C59: DB 스키마·ETL 파이프라인 구축 | D59: 식 | E59: 1 | F59: 3000000 | G59: 1 | H59: =E59*F59*G59 -> 3000000 | I59: 1 | J59: 5000000 | K59: 1 | L59: =I59*J59*K59 -> 5000000 | M59: 데이터 모델 표준화
A60: 47 | C60: 이미지 라벨링·태깅 작업 | D60: 건 | E60: 200 | F60: 5000 | G60: 1 | H60: =E60*F60*G60 -> 1000000 | I60: 500 | J60: 5000 | K60: 1 | L60: =I60*J60*K60 -> 2500000 | M60: 매물 사진 자동분류 학습용
A61: 48 | C61: 외부 매물·지역 데이터 API 구독 | D61: 월 | E61: 1 | F61: 200000 | G61: 6 | H61: =E61*F61*G61 -> 1200000 | I61: 1 | J61: 300000 | K61: 6 | L61: =I61*J61*K61 -> 1800000 | M61: 보조 데이터 소스
B62: 6. 데이터 구축 소계 | H62: =SUM(H55:H61) -> 16150000 | L62: =SUM(L55:L61) -> 28800000
B63: 7. 보안·법무·인증
A64: 49 | C64: 모의해킹·웹 보안 진단 | D64: 식 | E64: 1 | F64: 3500000 | G64: 1 | H64: =E64*F64*G64 -> 3500000 | I64: 1 | J64: 6000000 | K64: 1 | L64: =I64*J64*K64 -> 6000000 | M64: 오픈 전 1회
A65: 50 | C65: 개인정보 컨설팅·DPO 자문 | D65: 월 | E65: 1 | F65: 400000 | G65: 6 | H65: =E65*F65*G65 -> 2400000 | I65: 1 | J65: 600000 | K65: 6 | L65: =I65*J65*K65 -> 3600000 | M65: 월 정기 자문
A66: 51 | C66: ISMS-P 사전 준비·갭 분석 | D66: 식 | E66: 1 | F66: 1500000 | G66: 1 | H66: =E66*F66*G66 -> 1500000 | I66: 1 | J66: 3000000 | K66: 1 | L66: =I66*J66*K66 -> 3000000 | M66: 차년도 인증 대비
A67: 52 | C67: 법무 자문 (약관·계약서·분쟁 대응) | D67: 월 | E67: 1 | F67: 400000 | G67: 6 | H67: =E67*F67*G67 -> 2400000 | I67: 1 | J67: 600000 | K67: 6 | L67: =I67*J67*K67 -> 3600000 | M67: 단기 임대 계약 특수성
A68: 53 | C68: 사업자 등록·세무 위탁 (IT 부분) | D68: 월 | E68: 1 | F68: 100000 | G68: 6 | H68: =E68*F68*G68 -> 600000 | I68: 1 | J68: 200000 | K68: 6 | L68: =I68*J68*K68 -> 1200000 | M68: 세무 처리
A69: 54 | C69: 암호화 키·인증서 (KMS) | D69: 월 | E69: 1 | F69: 50000 | G69: 6 | H69: =E69*F69*G69 -> 300000 | I69: 1 | J69: 100000 | K69: 6 | L69: =I69*J69*K69 -> 600000 | M69: 개인정보 암호화
A70: 55 | C70: 배상책임 보험 (사이버·플랫폼) | D70: 식 | E70: 1 | F70: 1300000 | G70: 1 | H70: =E70*F70*G70 -> 1300000 | I70: 1 | J70: 2000000 | K70: 1 | L70: =I70*J70*K70 -> 2000000 | M70: 연간 보험료
B71: 7. 보안·법무·인증 소계 | H71: =SUM(H64:H70) -> 12000000 | L71: =SUM(L64:L70) -> 20000000
B72: 8. 운영·고객지원
A73: 56 | C73: CS·헬프데스크 (시간제 인력) | D73: 월 | E73: 1 | F73: 900000 | G73: 6 | H73: =E73*F73*G73 -> 5400000 | I73: 1 | J73: 1500000 | K73: 6 | L73: =I73*J73*K73 -> 9000000 | M73: 임대인·브랜드 응대
A74: 57 | C74: 운영 매니저 (파트타임) | D74: M/M | E74: 0.2 | F74: 6500000 | G74: 6 | H74: =E74*F74*G74 -> 7800000 | I74: 0.25 | J74: 7000000 | K74: 6 | L74: =I74*J74*K74 -> 10500000 | M74: 운영 총괄
A75: 58 | C75: 운영 매뉴얼·온보딩 가이드 제작 | D75: 식 | E75: 1 | F75: 1500000 | G75: 1 | H75: =E75*F75*G75 -> 1500000 | I75: 1 | J75: 2500000 | K75: 1 | L75: =I75*J75*K75 -> 2500000 | M75: 임대인·브랜드용
A76: 59 | C76: 정기 점검·릴리스 운영비 | D76: 월 | E76: 1 | F76: 300000 | G76: 6 | H76: =E76*F76*G76 -> 1800000 | I76: 1 | J76: 500000 | K76: 6 | L76: =I76*J76*K76 -> 3000000 | M76: 운영 SRE
A77: 60 | C77: 커뮤니티·자문단 운영 | D77: 회 | E77: 3 | F77: 250000 | G77: 1 | H77: =E77*F77*G77 -> 750000 | I77: 6 | J77: 350000 | K77: 1 | L77: =I77*J77*K77 -> 2100000 | M77: 분기 자문 회의
A78: 61 | C78: 긴급 대응 핫라인 | D78: 월 | E78: 1 | F78: 150000 | G78: 6 | H78: =E78*F78*G78 -> 900000 | I78: 1 | J78: 250000 | K78: 6 | L78: =I78*J78*K78 -> 1500000 | M78: 오프타임 장애 대응
B79: 8. 운영·고객지원 소계 | H79: =SUM(H73:H78) -> 18150000 | L79: =SUM(L73:L78) -> 28600000
B80: 9. 마케팅 (IT 영역)
A81: 62 | C81: SEO 최적화·구조화 데이터 | D81: 식 | E81: 1 | F81: 2500000 | G81: 1 | H81: =E81*F81*G81 -> 2500000 | I81: 1 | J81: 3500000 | K81: 1 | L81: =I81*J81*K81 -> 3500000 | M81: 구글·네이버 색인 최적화
A82: 63 | C82: 검색 광고 (SEM) | D82: 월 | E82: 1 | F82: 1300000 | G82: 6 | H82: =E82*F82*G82 -> 7800000 | I82: 1 | J82: 1700000 | K82: 6 | L82: =I82*J82*K82 -> 10200000 | M82: Google·네이버
A83: 64 | C83: SNS 광고 (인스타·유튜브) | D83: 월 | E83: 1 | F83: 800000 | G83: 6 | H83: =E83*F83*G83 -> 4800000 | I83: 1 | J83: 1200000 | K83: 6 | L83: =I83*J83*K83 -> 7200000 | M83: 타깃 캠페인
A84: 65 | C84: 리타게팅·전환 추적 인프라 | D84: 월 | E84: 1 | F84: 300000 | G84: 6 | H84: =E84*F84*G84 -> 1800000 | I84: 1 | J84: 400000 | K84: 6 | L84: =I84*J84*K84 -> 2400000 | M84: GA4·픽셀
A85: 66 | C85: A/B 테스트·CRO | D85: 월 | E85: 1 | F85: 300000 | G85: 6 | H85: =E85*F85*G85 -> 1800000 | I85: 1 | J85: 400000 | K85: 6 | L85: =I85*J85*K85 -> 2400000 | M85: 전환율 최적화
A86: 67 | C86: 매거진 OG·랜딩 페이지 제작 | D86: 편 | E86: 3 | F86: 500000 | G86: 1 | H86: =E86*F86*G86 -> 1500000 | I86: 6 | J86: 600000 | K86: 1 | L86: =I86*J86*K86 -> 3600000 | M86: 동네별 랜딩
A87: 68 | C87: 기자·매체 협력 (디지털 PR) | D87: 건 | E87: 1 | F87: 1000000 | G87: 1 | H87: =E87*F87*G87 -> 1000000 | I87: 2 | J87: 1200000 | K87: 1 | L87: =I87*J87*K87 -> 2400000 | M87: 런칭 시점
B88: 9. 마케팅 (IT 영역) 소계 | H88: =SUM(H81:H87) -> 21200000 | L88: =SUM(L81:L87) -> 31700000
B89: 10. 사업관리·예비비
A90: 69 | C90: 사업총괄 PM (파트타임) | D90: M/M | E90: 0.25 | F90: 8000000 | G90: 6 | H90: =E90*F90*G90 -> 12000000 | I90: 0.25 | J90: 9000000 | K90: 6 | L90: =I90*J90*K90 -> 13500000 | M90: 사업 총괄
A91: 70 | C91: 회계·세무 위탁 | D91: 월 | E91: 1 | F91: 300000 | G91: 6 | H91: =E91*F91*G91 -> 1800000 | I91: 1 | J91: 500000 | K91: 6 | L91: =I91*J91*K91 -> 3000000 | M91: 월별 정산
A92: 71 | C92: 일반관리비 (사무·통신·교통) | D92: 월 | E92: 1 | F92: 500000 | G92: 6 | H92: =E92*F92*G92 -> 3000000 | I92: 1 | J92: 800000 | K92: 6 | L92: =I92*J92*K92 -> 4800000 | M92: 운영 일반비
A93: 72 | C93: 회의·자료·인쇄 | D93: 월 | E93: 1 | F93: 300000 | G93: 6 | H93: =E93*F93*G93 -> 1800000 | I93: 1 | J93: 500000 | K93: 6 | L93: =I93*J93*K93 -> 3000000 | M93: 보고 자료 제작
A94: 73 | C94: 예비비 | D94: 식 | E94: 1 | F94: =표지·요약!C10-(H12+H24+H34+H43+H53+H62+H71+H79+H88)-SUM(H90:H93) -> 4900000 | G94: 1 | H94: =E94*F94*G94 -> 4900000 | I94: 1 | J94: =표지·요약!C11-(L12+L24+L34+L43+L53+L62+L71+L79+L88)-SUM(L90:L93) -> 16200000 | K94: 1 | L94: =I94*J94*K94 -> 16200000 | M94: 사업 추진 중 발생할 수 있는 변동 비용 대응
B95: 10. 사업관리·예비비 소계 | H95: =SUM(H90:H94) -> 23500000 | L95: =SUM(L90:L94) -> 40500000
B96: 총 합 계 | H96: =H12+H24+H34+H43+H53+H62+H71+H79+H88+H95 -> 300000000 | L96: =L12+L24+L34+L43+L53+L62+L71+L79+L88+L95 -> 500000000

Sheet 작성팀 가이드
B2: 작성팀 가이드 (내부 참고용)
B3: 본 시트는 작성팀 내부 참고용입니다. 외부 제출 시 본 시트는 삭제하시기 바랍니다.
B6: ■ 시트 구성
B7: · 표지·요약 — 시나리오별 예산 규모, 카테고리별 비교
B8: · 상세 — 항목별 단가·수량·기간 모델 (편집은 이 시트에서)
B9: · 작성팀 가이드 — 본 시트 (외부 제출 시 삭제)
B11: ■ 색상 규약
B12: · 노란 배경 + 파란 글씨 — 입력값 (단가·수량·기간). 시나리오 조정 시 여기만 수정
B13: · 크림 배경 — 시나리오 예산 규모 (표지 C10·C11)
B14: · 베이지 배경 — 예비비 단가 (자동 잔액 보정 수식). 직접 편집 금지
B15: · 검은 글씨 — 일반 수식 (소계·합계)
B16: · 초록 글씨 — 다른 시트 참조
... B38: · v1.0 — 전략 회의 결과·단가 출처 확정 반영
