Workbook

Sheet 개요
B4: [지역명] 팝업 타운 조성을 통한 상권 활성화 디지털 플랫폼 구축 사업
B5: 통합 견적서 v1.2 (Draft)
B6: 단위: 원 (₩) · 부가세 별도 · IT 영역
B10: 01 사업 개요
B11: 지역 골목 공실은 단순히 한 점포의 문제가 아니다. 한국부동산원에 따르면 2025년 3분기 전국 중대형 상가 공실률은 13.6%, 비수도권 1층 상가 공실률은 전국 평균을 크게 웃돈다. 그동안의 다양한 활성화 시도들이 단기 효과에 그쳤던 이유는 사람들이 다시 찾아오는 지속가능한 운영 구조를 만들지 못했기 때문이고, 그 본질은 공간마다 그 동네만의 고유성과 이야기가 충분히 담기지 않았기 때문이다.
B15: 본 사업은 각 동네의 이야기를 콘텐츠로 담아 사람들이 일부러 찾아오고 싶은 공간을 조성하고, 이를 진입 장벽이 낮은 단기 팝업 형태로 풀어내 임대인·청년 창작자·시민이 모두 부담 없이 참여할 수 있게 한다. 본 견적서는 11개 솔루션 카테고리로 구성되며, 각 솔루션은 독립적으로 도입·계약 가능하다. 단계별 시트(거리 / 권역 / 광역)에서 단계별 단가가 확장되며, 각 카테고리 헤더 행에 카테고리 합계가, 시트 하단에 총합계가 자동 산정된다.
B19: 02 사용 방법
B20: 1 | C20: 단계별 시트(Street / Town / City)를 펼친다. 각 단계마다 단가 배수가 다르다 (×1.0 / ×1.7 / ×3.0).
B21: 2 | C21: 각 카테고리 헤더 행에 카테고리 합계가 자동 표시되며, 시트 하단에 단계별 총합계가 산정된다.
B22: 3 | C22: [요약] 시트에서 단계별·카테고리별 견적을 한눈에 비교할 수 있다.
B23: 4 | C23: 솔루션 단가는 각 단계 시트에서 자유롭게 수정 가능하며, 카테고리 합계와 총합계가 자동 갱신된다.
B24: 5 | C24: 다른 도시에 적용할 때는 본 파일을 복사한 후 단가만 조정하면 그대로 템플릿 재활용 가능하다.
B27: 03 솔루션 카테고리 (10개)
B28: # | C28: 카테고리 | D28: 테마 | E28: 한 줄 소개
B29: 1 | C29: 공간 | D29: 공실의 단기임대 활성화 / 청년의 무대, 지속가능한 팝업타운 | E29: 지역 공실을 청년·창작자의 단기 팝업 무대로 전환하고, 동네 이야기와 결합해 지속가능한 팝업타운을 조성하는 핵심 인프라.
B30: 2 | C30: 아이템 | D30: 청년 아이템·특산물의 시장 검증 | E30: 청년 크리에이터·특산물 생산자가 좋은 상품을 도시 소비자에게 부담 없이 검증할 수 있는 IT 자산. AI 매장 운영 도구로 작은 브랜드도 전문가급 매장 운영.
B31: 3 | C31: 이벤트 | D31: 페스티벌·야시장·영화제의 디지털 운영 | E31: 야시장·페스티벌·영화제 등 지역 행사를 거리 단위 작은 행사부터 광역 단위 대형 행사까지 동일 인프라로 운영. 운영 효율과 데이터 자산 동시 확보.
B32: 4 | C32: 네트워크·시너지 | D32: 거리 → 권역 → 광역 활성화 | E32: 거리 하나의 성공이 옆 거리, 권역, 광역 전체의 활력으로 누적·확산되는 단계적 모델을 시각화·자동화. 사업이 끝난 뒤에도 디지털 자산이 누적되어 다음 거리·다음 권역의 출발점이 된다.
B33: 5 | C33: 멤버십·지역화폐 | D33: 1회 방문자를 도시의 팬으로 | E33: 1회 방문을 지속 재방문·재구매로 전환하는 인센티브 구조. 기존 지자체 지역화폐와 연동해 본 사업의 모든 활동이 지자체 정책 효과 확장으로 이어진다.
B34: 6 | C34: 성과 시각화·리포트 | D34: 지자체 정책의 영구적 근거 자산 | E34: 운영 결과 데이터를 표준화된 형태로 시각화·리포트화. 지자체가 정책 효과를 즉시 보고, 향후 정책 결정·학술 연구·민간 협력에 활용.
B35: 7 | C35: 미션 베이스 인재 매칭 | D35: 지역 청년 유출·소도시 인구 감소 대응 | E35: 일반 시간·임금 위주 구인구직과 달리 비전·미션 기반. 청년이 자기 결을 살려 지역에서 활동할 수 있는 환경을 만들어, 청년 유출과 소도시 인구 감소에 직접 대응.
B36: 8 | C36: 포용성·도시 가족 | D36: 고령화·출산·다문화 등 정주 환경 대응 (안내 IT 중심) | E36: 물리적 시설 신축이 아닌, 기존 시설의 등록·안내·매칭 IT 서비스. 고령화·출산·다문화 등 소도시 정주 환경 정책에 시민 만족도 차원에서 직접 영향.
B37: 9 | C37: 기업 유치·투자 | D37: 지자체 인구·세수·일자리 목표 직결 | E37: 지역 활성화 데이터를 근거로 빅브랜드·자본·창업가·기업을 지역과 연결. 지자체의 본질적 인구·세수·일자리 목표에 직결.
B38: 10 | C38: ESG | D38: 지자체 ESG 평가·정책 대응 | E38: 지자체가 정책·평가·보고에서 직접 필요로 하는 ESG 영역에 IT로 대응. Environment(친환경 운영), Social(시민·소상공인 사회 임팩트), Governance(지자체-운영팀-시민 협력 거버넌스).
B39: 11 | C39: 기타 | D39: 시장 검증된 큰 운영 기능 | E39: 이미 시장에서 검증된 큰 운영 기능들. 단독으로도 임팩트가 큰 솔루션 모음.
B42: 04 색상 규약
C43: 검은 배경 + 흰 글씨 | D43: 헤더 및 총합계 행
C44: 베이지 배경 | D44: 카테고리 헤더 (카테고리 합계 포함)
C45: 연한 베이지 | D45: 솔루션 행 줄무늬
C46: 오렌지 | D46: 카테고리 번호 배지·액센트
B49: 단가는 시장 일반 기준 산정이며, 사업 확정 단계에서 견적·계약 시 재산정한다.

Sheet 거리
B4: 거리 단계 — 단일 거리 활성화
B5: 단가 배수: ×1.0 (거리 기준) · 단위: 원 (₩) · 부가세 별도
B7: 코드 | C7: 솔루션명 | D7: 한 줄 설명 | E7: 단가 (원)
B8: 1 | C8: 공간 · 공실의 단기임대 활성화 / 청년의 무대, 지속가능한 팝업타운 | E8: =SUM(E9:E16) -> 135000000
B9: 1-1 | C9: 로컬 스토리 아카이브·콘텐츠 자산화 플랫폼 | D9: 동네 인물·노포·골목 서사를 위치·테마로 구조화 등록, QR 스토리·전시·오디오 가이드로 재가공. 사업 종료 후에도 남는 영구 콘텐츠 자산 | E9: 25000000
B10: 1-2 | C10: 임대 매물 등록·관리 시스템 | D10: 수요자·공급자 양방향 등록, 매물 정보·일정·상태 관리 | E10: 15000000
B11: 1-3 | C11: 공실 현황 GIS 지도 시스템 | D11: 지역 공실·매물을 지도에 실시간 표시, 권역·시기별 공실률·전환율 시각화. 지자체가 공실 분포를 한눈에 파악 | E11: 15000000
B12: 1-4 | C12: AI 매물-수요 매칭 추천 서비스 | D12: 초기 생성형 AI 기반 추천으로 시작, 운영 데이터 누적 후 데이터 기반 추천으로 진화. 지도·필터·찜·알림 포함 | E12: 20000000
B13: 1-5 | C13: 단기 임대 계약·일정 원스톱 서비스 | D13: 단기·팝업 특화 표준 양식, 캘린더 충돌 방지, 전자계약 API 연동 | E13: 10000000
B14: 1-6 | C14: 임대 신뢰 보증 솔루션 | D14: 등기등록부·도면·사진 등 서류 사전 검증·인증 마크 + 양방향 운영 후기·평점을 통합한 신뢰 기반. 첫 거래의 진입 장벽 완화 | E14: 25000000
B15: 1-7 | C15: 임대 분쟁 예방·조율 시스템 | D15: 입퇴실 표준 점검 절차·증빙 기록 + 분쟁 발생 시 사실 관계 기반 조율 워크플로우 | E15: 10000000
B16: 1-8 | C16: 공간 운영 분석 리포트 | D16: 체류·동선·재방문 데이터 분석, 임대인 정기 리포트 발송 | E16: 15000000
B18: 2 | C18: 아이템 · 청년 아이템·특산물의 시장 검증 | E18: =SUM(E19:E27) -> 140000000
B19: 2-1 | C19: 청년 아이템·지역 특산물 통합 큐레이션 허브 | D19: 생산자·상품·스토리 등록 DB, 카테고리·시즌·태그 메타 큐레이션 운영 | E19: 15000000
B20: 2-2 | C20: AI 매장 인테리어·진열 추천 서비스 | D20: 평수·업종·상품군 입력 시 무드보드·진열 동선 추천. 초기 프롬프트 기반으로 시작하고 운영 데이터 누적 후 데이터 기반 추천으로 진화 | E20: 15000000
B21: 2-3 | C21: 디지털 쇼룸 (3D/360 WebGL) 솔루션 | D21: 매장·상품 360도 체험, 오프라인 방문 전후 활용 | E21: 20000000
B22: 2-4 | C22: 커머스·자사몰 연동 시스템 | D22: 결제 PG·재고·자사몰 연동, 현장→자사몰 재구매 전환 | E22: 20000000
B23: 2-5 | C23: 테스트 팝업타운 운영 플랫폼 | D23: 청년·창작자의 시장 검증 통합 환경, 매출·반응·재방문 수집 | E23: 15000000
B24: 2-6 | C24: 팝업 오너 운영 대시보드 | D24: 입점 브랜드 전용 매출·재고·예약·운영 KPI 통합 대시보드 | E24: 10000000
B25: 2-7 | C25: AI 팝업 추천 코스 서비스 | D25: 방문객 타깃·테마·시즌별 추천 코스 제공 | E25: 15000000
B26: 2-8 | C26: 상품 자동 태깅·검색 서비스 | D26: LLM·비전 모델로 카테고리·키워드 자동 추출, 검색 정확도 향상 | E26: 10000000
B27: 2-9 | C27: 소상공인 정산·지원금 연계 도우미 | D27: 매출·정산 데이터 자동 집계 + 신청 가능 정부·지자체 지원금 매칭·신청 동선 안내. 세무 대행이 아닌 연계·안내 중심(홈택스·세무사 연결) | E27: 20000000
B29: 3 | C29: 이벤트 · 페스티벌·야시장·영화제의 디지털 운영 | E29: =SUM(E30:E35) -> 80000000
B30: 3-1 | C30: 이벤트 규모별(S/M/L/XL) 등록·운영 시스템 | D30: 행사 규모별 표준 양식·워크플로우. 운영팀 학습 부담 최소화 | E30: 15000000
B31: 3-2 | C31: 예약·예매 통합 플랫폼 | D31: 좌석·구역·시간대 예약, PG 연동, QR 티켓 발행 | E31: 15000000
B32: 3-3 | C32: 모바일 QR/NFC 체크인·스탬프 시스템 | D32: 별도 장비 불필요. 모바일만으로 입장·스탬프 랠리·동선 추적 | E32: 10000000
B33: 3-4 | C33: 실시간 행사 운영 대시보드 | D33: WebSocket 기반 실시간 입장자·매출·이슈 모니터링 | E33: 15000000
B34: 3-5 | C34: 이벤트 팀 협업·결산 자동화 워크플로우 | D34: 부스·인력·일정 분담, 행사 후 결산 리포트 발행 | E34: 10000000
B35: 3-6 | C35: 행사 안전·인파 관리 시스템 | D35: 실시간 인파 밀도·동선 모니터링, 안전 알림. 대형 행사 책임 대응 | E35: 15000000
B37: 4 | C37: 네트워크·시너지 · 거리 → 권역 → 광역 활성화 | E37: =SUM(E38:E43) -> 75000000
B38: 4-1 | C38: 미션·퀘스트 게이미피케이션 프로그램 | D38: 시민 참여형 동네 미션(도장 깨기), 유동·체류·재방문 증가 | E38: 10000000
B39: 4-2 | C39: 거리 → 권역 확산 진척 시각화 대시보드 | D39: 거리·권역별 성과 누적 시각화, 보고·홍보·차기 거리 선정 자료 | E39: 10000000
B40: 4-3 | C40: 차기 거점 거리 추천 서비스 | D40: 성과 데이터 기반 다음 확산 후보지 추천 | E40: 15000000
B41: 4-4 | C41: 사업 운영 통합 모니터링 대시보드 | D41: 10개 카테고리의 운영 데이터를 한 화면에 통합. 시계열·KPI·이슈 모니터링 | E41: 15000000
B42: 4-5 | C42: 권역 간 데이터 연동 플랫폼 | D42: RESTful API + Webhook, 인접 지역·다른 지자체 데이터 연동 | E42: 15000000
B43: 4-6 | C43: 자동 연계·시너지 알림 엔진 | D43: 성과·이벤트 발생 시 자동 푸시·알림톡, Retention 유도 | E43: 10000000
B45: 5 | C45: 멤버십·지역화폐 · 1회 방문자를 도시의 팬으로 | E45: =SUM(E46:E50) -> 60000000
B46: 5-1 | C46: 멤버십·등급 통합 인증 시스템 | D46: SSO 기반 통합 인증, 누적 활동 기반 등급·혜택 | E46: 10000000
B47: 5-2 | C47: 쿠폰·포인트 발행·정산 엔진 | D47: 지역 상점 사용 쿠폰·포인트 발행·QR 정산, 지자체 공동 발행 | E47: 15000000
B48: 5-3 | C48: 지역화폐 연동·정산 플랫폼 | D48: 기존 지자체 지역화폐 API 연동, 사업 결제 흐름이 곧 지역화폐 사용 확대 | E48: 15000000
B49: 5-4 | C49: 리워드·게이미피케이션 프로그램 | D49: 누적 랭킹·시즌 미션·리워드 지급 | E49: 10000000
B50: 5-5 | C50: 시즌 패스·콜라보 쿠폰 시스템 | D50: 시즌별 통합 패스, 다수 상점 콜라보 쿠폰 발행 | E50: 10000000
B52: 6 | C52: 성과 시각화·리포트 · 지자체 정책의 영구적 근거 자산 | E52: =SUM(E53:E59) -> 100000000
B53: 6-1 | C53: 데이터 수집·정제 파이프라인 | D53: 공실·매칭·이벤트·소비·유동 데이터 표준 ETL, 일배치+스트리밍 혼합 | E53: 15000000
B54: 6-2 | C54: 자동 정기 리포트 발행 서비스 | D54: 월·분기 PDF 리포트, 템플릿 차트 + LLM 텍스트 초안, 운영자 확정 후 배포 | E54: 10000000
B55: 6-3 | C55: 지자체용 BI 대시보드 | D55: 드래그·드롭 필터, 시계열·코호트·퍼널 분석, 별도 학습 불필요 | E55: 15000000
B56: 6-4 | C56: 시민·임차인 자동 만족도 설문·집계 시스템 | D56: 설문 발송·수집, 정량 지표 + 정성 피드백 통합 리포트 | E56: 10000000
B57: 6-5 | C57: 개인정보 비식별화·보안 시스템 | D57: 개인정보보호법·ISMS-P 기준 비식별화, 데이터 활용 안전성 확보 | E57: 10000000
B58: 6-6 | C58: 정책 시나리오·A/B 분석 도구 | D58: 정책 변경 전 시나리오 비교·A/B 분석으로 효과를 사전 점검 (효과 단정이 아닌 비교 분석) | E58: 15000000
B59: 6-7 | C59: 상권·유동인구 진단 리포트 서비스 | D59: 카드매출·유동인구·업종 분포 데이터 연동, 거리·권역별 상권 건강도·입지 진단 리포트 자동 발행 (원천 데이터 제휴·구매 별도) | E59: 25000000
B61: 7 | C61: 미션 베이스 인재 매칭 · 지역 청년 유출·소도시 인구 감소 대응 | E61: =SUM(E62:E66) -> 55000000
B62: 7-1 | C62: 미션 기반 단기 인재 매칭 플랫폼 | D62: 단발 미션·프로젝트 단위 매칭, 청년·로컬 크리에이터 우선 | E62: 10000000
B63: 7-2 | C63: 비전·스토리 기반 채용 큐레이션 시스템 | D63: 단순 스펙이 아닌 비전·스토리로 매칭하는 큐레이션 워크플로우 | E63: 10000000
B64: 7-3 | C64: 로컬 크리에이터·청년 풀 관리 허브 | D64: 지역 인재 풀 DB·이력 관리·재참여 추적 | E64: 10000000
B65: 7-4 | C65: 활동 이력·역량 평가 시스템 | D65: 미션 누적 결과 이력화, 인재 성장 지원 | E65: 10000000
B66: 7-5 | C66: 온라인 교육·역량 강화 프로그램 | D66: 매칭 전후 교육 콘텐츠 제공, 지역 인재 역량 강화 | E66: 15000000
B68: 8 | C68: 포용성·도시 가족 · 고령화·출산·다문화 등 정주 환경 대응 (안내 IT 중심) | E68: =SUM(E69:E75) -> 80000000
B69: 8-1 | C69: AI 통합 안내 챗봇 (다국어·접근성) | D69: 시설·교통약자 동선·다국어 안내를 한 채널로 응대하는 대화형 안내. 기존 LLM·번역·지도 API 연동, 포용성 안내 데이터 통합 활용 | E69: 20000000
B70: 8-2 | C70: 노인 친화 가이드·안내 시스템 | D70: 큰 폰트·음성·간단한 동선, 어르신 친화 UX | E70: 10000000
B71: 8-3 | C71: 키즈 웰컴 공간·동선 안내 플랫폼 | D71: 유아 동반 가능 공간·기저귀룸·키즈존 등록·안내 | E71: 10000000
B72: 8-4 | C72: 출산·육아 친화 시설 등록·매칭 시스템 | D72: 기존 시설 정보 통합 등록·안내·매칭. 출산 장려 정책과 연계 | E72: 10000000
B73: 8-5 | C73: 다국어 안내·번역 엔진 | D73: 외국인 관광객·거주자 다국어 안내 | E73: 10000000
B74: 8-6 | C74: 교통 약자 동선·접근성 안내 시스템 | D74: 휠체어·고령자·시각장애인 접근성 가이드 | E74: 10000000
B75: 8-7 | C75: 반려동물 동반 공간 안내 플랫폼 | D75: 펫 동반 가능 시설·동선 등록·검색 | E75: 10000000
B77: 9 | C77: 기업 유치·투자 · 지자체 인구·세수·일자리 목표 직결 | E77: =SUM(E78:E82) -> 65000000
B78: 9-1 | C78: 빅브랜드·앵커 테넌트 유치 매칭 플랫폼 | D78: 도시 활성화 데이터를 근거로 빅브랜드 입점 매칭 | E78: 15000000
B79: 9-2 | C79: 투자 유치·창업 매칭 플랫폼 | D79: 지역 데이터·스토리 기반 투자자·창업가 매칭 | E79: 15000000
B80: 9-3 | C80: 지자체 창업 지원 프로그램 매칭 서비스 | D80: 지자체 창업 지원 프로그램과 지역 창업가를 직접 연결. 신청 워크플로우 통합 | E80: 10000000
B81: 9-4 | C81: 본사 이전·상생 매칭 시스템 | D81: 지방 이전 검토 기업과 지자체 매칭, 상생 패키지 제공 | E81: 15000000
B82: 9-5 | C82: 창업 보육 지사·인큐베이터 연결 서비스 | D82: 전국 창업 보육 지사·인큐베이터와 지역 창업가 연결 | E82: 10000000
B84: 10 | C84: ESG · 지자체 ESG 평가·정책 대응 | E84: =SUM(E85:E89) -> 60000000
B85: 10-1 | C85: 다회용컵·친환경 운영 시스템 (거리 공용) | D85: 거리 가맹 상점이 공용으로 쓰는 다회용컵·포장재 회수·세척 운영 트래킹 | E85: 15000000
B86: 10-2 | C86: 지역 ESG 지표 추적 리포트 | D86: 탄소 절감·자원 순환·시민 참여 등 ESG 지표 집계·리포트 | E86: 10000000
B87: 10-3 | C87: 지자체-운영팀 거버넌스 협의 시스템 | D87: 정기 협의록·의제·의사결정 추적, 정책 효과 공동 검토 (지자체 ESG 평가 대응) | E87: 10000000
B88: 10-4 | C88: 시민 정책 의견 수렴 서비스 | D88: 시민 의견 수렴·집계·리포트. 정책 의견 중심 | E88: 10000000
B89: 10-5 | C89: CSR 기업 협력 매칭 플랫폼 | D89: 대기업 CSR 활동과 지역 사업 매칭, 사회 환원 채널화 | E89: 15000000
B91: 11 | C91: 기타 · 시장 검증된 큰 운영 기능 | E91: =SUM(E92:E97) -> 70000000
B92: 11-1 | C92: 줄서기·대기열 디지털화 시스템 | D92: 원격 대기·호출 알림, 대기 시간 가시화 | E92: 10000000
B93: 11-2 | C93: 스마트 오더·미리 오더 플랫폼 | D93: 모바일 사전 주문·결제·픽업, 매장 회전율 향상 | E93: 15000000
B94: 11-3 | C94: 드라이브 스루 운영 시스템 | D94: 모바일 주문 → 차량 픽업 동선 매핑 | E94: 15000000
B95: 11-4 | C95: 모바일 통합 주문·결제 플랫폼 | D95: 동네 상점 통합 주문·결제 (경량 버전) | E95: 10000000
B96: 11-5 | C96: 공간 청결·위생 점검·인증 시스템 | D96: QR 위생 인증, 정기 점검 워크플로우, 시민 신뢰 확보 | E96: 10000000
B97: 11-6 | C97: 의사결정·구성원 투표 시스템 | D97: 지자체·운영팀·임차인 등 구성원 의사결정 투표·집계·공지 | E97: 10000000
B100: 총 합 계 | E100: =E8+E18+E29+E37+E45+E52+E61+E68+E77+E84+E91 -> 920000000

Sheet 권역
B4: 권역 단계 — 권역(여러 거리) 활성화
B5: 단가 배수: ×1.7 (거리 기준) · 단위: 원 (₩) · 부가세 별도
B7: 코드 | C7: 솔루션명 | D7: 한 줄 설명 | E7: 단가 (원)
B8: 1 | C8: 공간 · 공실의 단기임대 활성화 / 청년의 무대, 지속가능한 팝업타운 | E8: =SUM(E9:E16) -> 229500000
B9: 1-1 | C9: 로컬 스토리 아카이브·콘텐츠 자산화 플랫폼 | D9: 동네 인물·노포·골목 서사를 위치·테마로 구조화 등록, QR 스토리·전시·오디오 가이드로 재가공. 사업 종료 후에도 남는 영구 콘텐츠 자산 | E9: 42500000
B10: 1-2 | C10: 임대 매물 등록·관리 시스템 | D10: 수요자·공급자 양방향 등록, 매물 정보·일정·상태 관리 | E10: 25500000
B11: 1-3 | C11: 공실 현황 GIS 지도 시스템 | D11: 지역 공실·매물을 지도에 실시간 표시, 권역·시기별 공실률·전환율 시각화. 지자체가 공실 분포를 한눈에 파악 | E11: 25500000
B12: 1-4 | C12: AI 매물-수요 매칭 추천 서비스 | D12: 초기 생성형 AI 기반 추천으로 시작, 운영 데이터 누적 후 데이터 기반 추천으로 진화. 지도·필터·찜·알림 포함 | E12: 34000000
B13: 1-5 | C13: 단기 임대 계약·일정 원스톱 서비스 | D13: 단기·팝업 특화 표준 양식, 캘린더 충돌 방지, 전자계약 API 연동 | E13: 17000000
B14: 1-6 | C14: 임대 신뢰 보증 솔루션 | D14: 등기등록부·도면·사진 등 서류 사전 검증·인증 마크 + 양방향 운영 후기·평점을 통합한 신뢰 기반. 첫 거래의 진입 장벽 완화 | E14: 42500000
B15: 1-7 | C15: 임대 분쟁 예방·조율 시스템 | D15: 입퇴실 표준 점검 절차·증빙 기록 + 분쟁 발생 시 사실 관계 기반 조율 워크플로우 | E15: 17000000
B16: 1-8 | C16: 공간 운영 분석 리포트 | D16: 체류·동선·재방문 데이터 분석, 임대인 정기 리포트 발송 | E16: 25500000
B18: 2 | C18: 아이템 · 청년 아이템·특산물의 시장 검증 | E18: =SUM(E19:E27) -> 238000000
B19: 2-1 | C19: 청년 아이템·지역 특산물 통합 큐레이션 허브 | D19: 생산자·상품·스토리 등록 DB, 카테고리·시즌·태그 메타 큐레이션 운영 | E19: 25500000
B20: 2-2 | C20: AI 매장 인테리어·진열 추천 서비스 | D20: 평수·업종·상품군 입력 시 무드보드·진열 동선 추천. 초기 프롬프트 기반으로 시작하고 운영 데이터 누적 후 데이터 기반 추천으로 진화 | E20: 25500000
B21: 2-3 | C21: 디지털 쇼룸 (3D/360 WebGL) 플랫폼 | D21: 매장·상품 360도 체험, 오프라인 방문 전후 활용 | E21: 34000000
B22: 2-4 | C22: 커머스·자사몰 연동 시스템 | D22: 결제 PG·재고·자사몰(Shopify·Cafe24) 연동, 현장→자사몰 재구매 전환 | E22: 34000000
B23: 2-5 | C23: 테스트 팝업타운 운영 플랫폼 | D23: 청년·창작자의 시장 검증 통합 환경, 매출·반응·재방문 수집 | E23: 25500000
B24: 2-6 | C24: 팝업 오너 운영 대시보드 | D24: 입점 브랜드 전용 매출·재고·예약·운영 KPI 통합 대시보드 | E24: 17000000
B25: 2-7 | C25: AI 팝업 추천 코스 서비스 | D25: 방문객 타깃·테마·시즌별 추천 코스 제공 | E25: 25500000
B26: 2-8 | C26: 상품 자동 태깅·검색 서비스 | D26: LLM·비전 모델로 카테고리·키워드 자동 추출, 검색 정확도 향상 | E26: 17000000
B27: 2-9 | C27: 소상공인 정산·지원금 연계 도우미 | D27: 매출·정산 데이터 자동 집계 + 신청 가능 정부·지자체 지원금 매칭·신청 동선 안내. 세무 대행이 아닌 연계·안내 중심(홈택스·세무사 연결) | E27: 34000000
B29: 3 | C29: 이벤트 · 페스티벌·야시장·영화제의 디지털 운영 | E29: =SUM(E30:E35) -> 136000000
B30: 3-1 | C30: 이벤트 규모별(S/M/L/XL) 등록·운영 시스템 | D30: 행사 규모별 표준 양식·워크플로우. 운영팀 학습 부담 최소화 | E30: 25500000
B31: 3-2 | C31: 예약·예매 통합 플랫폼 | D31: 좌석·구역·시간대 예약, PG 연동, QR 티켓 발행 | E31: 25500000
B32: 3-3 | C32: 모바일 QR/NFC 체크인·스탬프 시스템 | D32: 별도 장비 불필요. 모바일만으로 입장·스탬프 랠리·동선 추적 | E32: 17000000
B33: 3-4 | C33: 실시간 행사 운영 대시보드 | D33: WebSocket 기반 실시간 입장자·매출·이슈 모니터링 | E33: 25500000
B34: 3-5 | C34: 이벤트 팀 협업·결산 자동화 워크플로우 | D34: 부스·인력·일정 분담, 행사 후 결산 리포트 발행 | E34: 17000000
B35: 3-6 | C35: 행사 안전·인파 관리 시스템 | D35: 실시간 인파 밀도·동선 모니터링, 안전 알림. 대형 행사 책임 대응 | E35: 25500000
B37: 4 | C37: 네트워크·시너지 · 거리 → 권역 → 광역 활성화 | E37: =SUM(E38:E43) -> 127500000
B38: 4-1 | C38: 미션·퀘스트 게이미피케이션 프로그램 | D38: 시민 참여형 동네 미션(도장 깨기), 유동·체류·재방문 증가 | E38: 17000000
B39: 4-2 | C39: 거리 → 권역 확산 진척 시각화 대시보드 | D39: 거리·권역별 성과 누적 시각화, 보고·홍보·차기 거리 선정 자료 | E39: 17000000
B40: 4-3 | C40: 차기 거점 거리 추천 서비스 | D40: 성과 데이터 기반 다음 확산 후보지 추천 | E40: 25500000
B41: 4-4 | C41: 사업 운영 통합 모니터링 대시보드 | D41: 10개 카테고리의 운영 데이터를 한 화면에 통합. 시계열·KPI·이슈 모니터링 | E41: 25500000
B42: 4-5 | C42: 권역 간 데이터 연동 플랫폼 | D42: RESTful API + Webhook, 인접 지역·다른 지자체 데이터 연동 | E42: 25500000
B43: 4-6 | C43: 자동 연계·시너지 알림 엔진 | D43: 성과·이벤트 발생 시 자동 푸시·알림톡, Retention 유도 | E43: 17000000
B45: 5 | C45: 멤버십·지역화폐 · 1회 방문자를 도시의 팬으로 | E45: =SUM(E46:E50) -> 102000000
B46: 5-1 | C46: 멤버십·등급 통합 인증 시스템 | D46: SSO 기반 통합 인증, 누적 활동 기반 등급·혜택 | E46: 17000000
B47: 5-2 | C47: 쿠폰·포인트 발행·정산 엔진 | D47: 지역 상점 사용 쿠폰·포인트 발행·QR 정산, 지자체 공동 발행 | E47: 25500000
B48: 5-3 | C48: 지역화폐 연동·정산 플랫폼 | D48: 기존 지자체 지역화폐 API 연동, 사업 결제 흐름이 곧 지역화폐 사용 확대 | E48: 25500000
B49: 5-4 | C49: 리워드·게이미피케이션 프로그램 | D49: 누적 랭킹·시즌 미션·리워드 지급 | E49: 17000000
B50: 5-5 | C50: 시즌 패스·콜라보 쿠폰 시스템 | D50: 시즌별 통합 패스, 다수 상점 콜라보 쿠폰 발행 | E50: 17000000
B52: 6 | C52: 성과 시각화·리포트 · 지자체 정책의 영구적 근거 자산 | E52: =SUM(E53:E59) -> 170000000
B53: 6-1 | C53: 데이터 수집·정제 파이프라인 | D53: 공실·매칭·이벤트·소비·유동 데이터 표준 ETL, 일배치+스트리밍 혼합 | E53: 25500000
B54: 6-2 | C54: 자동 정기 리포트 발행 서비스 | D54: 월·분기 PDF 리포트, 템플릿 차트 + LLM 텍스트 초안, 운영자 확정 후 배포 | E54: 17000000
B55: 6-3 | C55: 지자체용 BI 대시보드 | D55: 드래그·드롭 필터, 시계열·코호트·퍼널 분석, 별도 학습 불필요 | E55: 25500000
B56: 6-4 | C56: 시민·임차인 자동 만족도 설문·집계 시스템 | D56: 설문 발송·수집, 정량 지표 + 정성 피드백 통합 리포트 | E56: 17000000
B57: 6-5 | C57: 개인정보 비식별화·보안 시스템 | D57: 개인정보보호법·ISMS-P 기준 비식별화, 데이터 활용 안전성 확보 | E57: 17000000
B58: 6-6 | C58: 정책 시나리오·A/B 분석 도구 | D58: 정책 변경 전 시나리오 비교·A/B 분석으로 효과를 사전 점검 (효과 단정이 아닌 비교 분석) | E58: 25500000
B59: 6-7 | C59: 상권·유동인구 진단 리포트 서비스 | D59: 카드매출·유동인구·업종 분포 데이터 연동, 거리·권역별 상권 건강도·입지 진단 리포트 자동 발행 (원천 데이터 제휴·구매 별도) | E59: 42500000
B61: 7 | C61: 미션 베이스 인재 매칭 · 지역 청년 유출·소도시 인구 감소 대응 | E61: =SUM(E62:E66) -> 93500000
B62: 7-1 | C62: 미션 기반 단기 인재 매칭 플랫폼 | D62: 단발 미션·프로젝트 단위 매칭, 청년·로컬 크리에이터 우선 | E62: 17000000
B63: 7-2 | C63: 비전·스토리 기반 채용 큐레이션 시스템 | D63: 단순 스펙이 아닌 비전·스토리로 매칭하는 큐레이션 워크플로우 | E63: 17000000
B64: 7-3 | C64: 로컬 크리에이터·청년 풀 관리 허브 | D64: 지역 인재 풀 DB·이력 관리·재참여 추적 | E64: 17000000
B65: 7-4 | C65: 활동 이력·역량 평가 시스템 | D65: 미션 누적 결과 이력화, 인재 성장 지원 | E65: 17000000
B66: 7-5 | C66: 온라인 교육·역량 강화 프로그램 | D66: 매칭 전후 교육 콘텐츠 제공, 지역 인재 역량 강화 | E66: 25500000
B68: 8 | C68: 포용성·도시 가족 · 고령화·출산·다문화 등 정주 환경 대응 (안내 IT 중심) | E68: =SUM(E69:E75) -> 136000000
B69: 8-1 | C69: AI 통합 안내 챗봇 (다국어·접근성) | D69: 시설·교통약자 동선·다국어 안내를 한 채널로 응대하는 대화형 안내. 기존 LLM·번역·지도 API 연동, 포용성 안내 데이터 통합 활용 | E69: 34000000
B70: 8-2 | C70: 노인 친화 가이드·안내 시스템 | D70: 큰 폰트·음성·간단한 동선, 어르신 친화 UX | E70: 17000000
B71: 8-3 | C71: 키즈 웰컴 공간·동선 안내 플랫폼 | D71: 유아 동반 가능 공간·기저귀룸·키즈존 등록·안내 | E71: 17000000
B72: 8-4 | C72: 출산·육아 친화 시설 등록·매칭 시스템 | D72: 기존 시설 정보 통합 등록·안내·매칭. 출산 장려 정책과 연계 | E72: 17000000
B73: 8-5 | C73: 다국어 안내·번역 엔진 | D73: 외국인 관광객·거주자 다국어 안내 | E73: 17000000
B74: 8-6 | C74: 교통 약자 동선·접근성 안내 시스템 | D74: 휠체어·고령자·시각장애인 접근성 가이드 | E74: 17000000
B75: 8-7 | C75: 반려동물 동반 공간 안내 플랫폼 | D75: 펫 동반 가능 시설·동선 등록·검색 | E75: 17000000
B77: 9 | C77: 기업 유치·투자 · 지자체 인구·세수·일자리 목표 직결 | E77: =SUM(E78:E82) -> 110500000
B78: 9-1 | C78: 빅브랜드·앵커 테넌트 유치 매칭 플랫폼 | D78: 도시 활성화 데이터를 근거로 빅브랜드 입점 매칭 | E78: 25500000
B79: 9-2 | C79: 투자 유치·창업 매칭 플랫폼 | D79: 지역 데이터·스토리 기반 투자자·창업가 매칭 | E79: 25500000
B80: 9-3 | C80: 지자체 창업 지원 프로그램 매칭 서비스 | D80: 지자체 창업 지원 프로그램과 지역 창업가를 직접 연결. 신청 워크플로우 통합 | E80: 17000000
B81: 9-4 | C81: 본사 이전·상생 매칭 시스템 | D81: 지방 이전 검토 기업과 지자체 매칭, 상생 패키지 제공 | E81: 25500000
B82: 9-5 | C82: 창업 보육 지사·인큐베이터 연결 서비스 | D82: 전국 창업 보육 지사·인큐베이터와 지역 창업가 연결 | E82: 17000000
B84: 10 | C84: ESG · 지자체 ESG 평가·정책 대응 | E84: =SUM(E85:E89) -> 102000000
B85: 10-1 | C85: 다회용컵·친환경 운영 시스템 (거리 공용) | D85: 거리 가맹 상점이 공용으로 쓰는 다회용컵·포장재 회수·세척 운영 트래킹 | E85: 25500000
B86: 10-2 | C86: 지역 ESG 지표 추적 리포트 | D86: 탄소 절감·자원 순환·시민 참여 등 ESG 지표 집계·리포트 | E86: 17000000
B87: 10-3 | C87: 지자체-운영팀 거버넌스 협의 시스템 | D87: 정기 협의록·의제·의사결정 추적, 정책 효과 공동 검토 (지자체 ESG 평가 대응) | E87: 17000000
B88: 10-4 | C88: 시민 정책 의견 수렴 서비스 | D88: 시민 의견 수렴·집계·리포트. 정책 의견 중심 | E88: 17000000
B89: 10-5 | C89: ESG/CSR 기업 협력 매칭 플랫폼 | D89: 대기업 ESG 활동과 지역 사업 매칭, 사회 환원 채널화 | E89: 25500000
B91: 11 | C91: 기타 · 시장 검증된 큰 운영 기능 | E91: =SUM(E92:E97) -> 119000000
B92: 11-1 | C92: 줄서기·대기열 디지털화 시스템 | D92: 원격 대기·호출 알림, 대기 시간 가시화 | E92: 17000000
B93: 11-2 | C93: 스마트 오더·미리 오더 플랫폼 | D93: 모바일 사전 주문·결제·픽업, 매장 회전율 향상 | E93: 25500000
B94: 11-3 | C94: 드라이브 스루 운영 시스템 | D94: 모바일 주문 → 차량 픽업 동선 매핑 | E94: 25500000
B95: 11-4 | C95: 모바일 통합 주문·결제 플랫폼 | D95: 동네 상점 통합 주문·결제 (경량 버전) | E95: 17000000
B96: 11-5 | C96: 공간 청결·위생 점검·인증 시스템 | D96: QR 위생 인증, 정기 점검 워크플로우, 시민 신뢰 확보 | E96: 17000000
B97: 11-6 | C97: 의사결정·구성원 투표 시스템 | D97: 지자체·운영팀·임차인 등 구성원 의사결정 투표·집계·공지 | E97: 17000000
B100: 총 합 계 | E100: =E8+E18+E29+E37+E45+E52+E61+E68+E77+E84+E91 -> 1564000000

Sheet 광역
B4: 광역 단계 — 광역(시·도) 확산
B5: 단가 배수: ×3.0 (거리 기준) · 단위: 원 (₩) · 부가세 별도
B7: 코드 | C7: 솔루션명 | D7: 한 줄 설명 | E7: 단가 (원)
B8: 1 | C8: 공간 · 공실의 단기임대 활성화 / 청년의 무대, 지속가능한 팝업타운 | E8: =SUM(E9:E16) -> 405000000
B9: 1-1 | C9: 로컬 스토리 아카이브·콘텐츠 자산화 플랫폼 | D9: 동네 인물·노포·골목 서사를 위치·테마로 구조화 등록, QR 스토리·전시·오디오 가이드로 재가공. 사업 종료 후에도 남는 영구 콘텐츠 자산 | E9: 75000000
B10: 1-2 | C10: 임대 매물 등록·관리 시스템 | D10: 수요자·공급자 양방향 등록, 매물 정보·일정·상태 관리 | E10: 45000000
B11: 1-3 | C11: 공실 현황 GIS 지도 시스템 | D11: 지역 공실·매물을 지도에 실시간 표시, 권역·시기별 공실률·전환율 시각화. 지자체가 공실 분포를 한눈에 파악 | E11: 45000000
B12: 1-4 | C12: AI 매물-수요 매칭 추천 서비스 | D12: 초기 생성형 AI 기반 추천으로 시작, 운영 데이터 누적 후 데이터 기반 추천으로 진화. 지도·필터·찜·알림 포함 | E12: 60000000
B13: 1-5 | C13: 단기 임대 계약·일정 원스톱 서비스 | D13: 단기·팝업 특화 표준 양식, 캘린더 충돌 방지, 전자계약 API 연동 | E13: 30000000
B14: 1-6 | C14: 임대 신뢰 보증 솔루션 | D14: 등기등록부·도면·사진 등 서류 사전 검증·인증 마크 + 양방향 운영 후기·평점을 통합한 신뢰 기반. 첫 거래의 진입 장벽 완화 | E14: 75000000
B15: 1-7 | C15: 임대 분쟁 예방·조율 시스템 | D15: 입퇴실 표준 점검 절차·증빙 기록 + 분쟁 발생 시 사실 관계 기반 조율 워크플로우 | E15: 30000000
B16: 1-8 | C16: 공간 운영 분석 리포트 | D16: 체류·동선·재방문 데이터 분석, 임대인 정기 리포트 발송 | E16: 45000000
B18: 2 | C18: 아이템 · 청년 아이템·특산물의 시장 검증 | E18: =SUM(E19:E27) -> 420000000
B19: 2-1 | C19: 청년 아이템·지역 특산물 통합 큐레이션 허브 | D19: 생산자·상품·스토리 등록 DB, 카테고리·시즌·태그 메타 큐레이션 운영 | E19: 45000000
B20: 2-2 | C20: AI 매장 인테리어·진열 추천 서비스 | D20: 평수·업종·상품군 입력 시 무드보드·진열 동선 추천. 초기 프롬프트 기반으로 시작하고 운영 데이터 누적 후 데이터 기반 추천으로 진화 | E20: 45000000
B21: 2-3 | C21: 디지털 쇼룸 (3D/360 WebGL) 플랫폼 | D21: 매장·상품 360도 체험, 오프라인 방문 전후 활용 | E21: 60000000
B22: 2-4 | C22: 커머스·자사몰 연동 시스템 | D22: 결제 PG·재고·자사몰(Shopify·Cafe24) 연동, 현장→자사몰 재구매 전환 | E22: 60000000
B23: 2-5 | C23: 테스트 팝업타운 운영 플랫폼 | D23: 청년·창작자의 시장 검증 통합 환경, 매출·반응·재방문 수집 | E23: 45000000
B24: 2-6 | C24: 팝업 오너 운영 대시보드 | D24: 입점 브랜드 전용 매출·재고·예약·운영 KPI 통합 대시보드 | E24: 30000000
B25: 2-7 | C25: AI 팝업 추천 코스 서비스 | D25: 방문객 타깃·테마·시즌별 추천 코스 제공 | E25: 45000000
B26: 2-8 | C26: 상품 자동 태깅·검색 서비스 | D26: LLM·비전 모델로 카테고리·키워드 자동 추출, 검색 정확도 향상 | E26: 30000000
B27: 2-9 | C27: 소상공인 정산·지원금 연계 도우미 | D27: 매출·정산 데이터 자동 집계 + 신청 가능 정부·지자체 지원금 매칭·신청 동선 안내. 세무 대행이 아닌 연계·안내 중심(홈택스·세무사 연결) | E27: 60000000
B29: 3 | C29: 이벤트 · 페스티벌·야시장·영화제의 디지털 운영 | E29: =SUM(E30:E35) -> 240000000
B30: 3-1 | C30: 이벤트 규모별(S/M/L/XL) 등록·운영 시스템 | D30: 행사 규모별 표준 양식·워크플로우. 운영팀 학습 부담 최소화 | E30: 45000000
B31: 3-2 | C31: 예약·예매 통합 플랫폼 | D31: 좌석·구역·시간대 예약, PG 연동, QR 티켓 발행 | E31: 45000000
B32: 3-3 | C32: 모바일 QR/NFC 체크인·스탬프 시스템 | D32: 별도 장비 불필요. 모바일만으로 입장·스탬프 랠리·동선 추적 | E32: 30000000
B33: 3-4 | C33: 실시간 행사 운영 대시보드 | D33: WebSocket 기반 실시간 입장자·매출·이슈 모니터링 | E33: 45000000
B34: 3-5 | C34: 이벤트 팀 협업·결산 자동화 워크플로우 | D34: 부스·인력·일정 분담, 행사 후 결산 리포트 발행 | E34: 30000000
B35: 3-6 | C35: 행사 안전·인파 관리 시스템 | D35: 실시간 인파 밀도·동선 모니터링, 안전 알림. 대형 행사 책임 대응 | E35: 45000000
B37: 4 | C37: 네트워크·시너지 · 거리 → 권역 → 광역 활성화 | E37: =SUM(E38:E43) -> 225000000
B38: 4-1 | C38: 미션·퀘스트 게이미피케이션 프로그램 | D38: 시민 참여형 동네 미션(도장 깨기), 유동·체류·재방문 증가 | E38: 30000000
B39: 4-2 | C39: 거리 → 권역 확산 진척 시각화 대시보드 | D39: 거리·권역별 성과 누적 시각화, 보고·홍보·차기 거리 선정 자료 | E39: 30000000
B40: 4-3 | C40: 차기 거점 거리 추천 서비스 | D40: 성과 데이터 기반 다음 확산 후보지 추천 | E40: 45000000
B41: 4-4 | C41: 사업 운영 통합 모니터링 대시보드 | D41: 10개 카테고리의 운영 데이터를 한 화면에 통합. 시계열·KPI·이슈 모니터링 | E41: 45000000
B42: 4-5 | C42: 권역 간 데이터 연동 플랫폼 | D42: RESTful API + Webhook, 인접 지역·다른 지자체 데이터 연동 | E42: 45000000
B43: 4-6 | C43: 자동 연계·시너지 알림 엔진 | D43: 성과·이벤트 발생 시 자동 푸시·알림톡, Retention 유도 | E43: 30000000
B45: 5 | C45: 멤버십·지역화폐 · 1회 방문자를 도시의 팬으로 | E45: =SUM(E46:E50) -> 180000000
B46: 5-1 | C46: 멤버십·등급 통합 인증 시스템 | D46: SSO 기반 통합 인증, 누적 활동 기반 등급·혜택 | E46: 30000000
B47: 5-2 | C47: 쿠폰·포인트 발행·정산 엔진 | D47: 지역 상점 사용 쿠폰·포인트 발행·QR 정산, 지자체 공동 발행 | E47: 45000000
B48: 5-3 | C48: 지역화폐 연동·정산 플랫폼 | D48: 기존 지자체 지역화폐 API 연동, 사업 결제 흐름이 곧 지역화폐 사용 확대 | E48: 45000000
B49: 5-4 | C49: 리워드·게이미피케이션 프로그램 | D49: 누적 랭킹·시즌 미션·리워드 지급 | E49: 30000000
B50: 5-5 | C50: 시즌 패스·콜라보 쿠폰 시스템 | D50: 시즌별 통합 패스, 다수 상점 콜라보 쿠폰 발행 | E50: 30000000
B52: 6 | C52: 성과 시각화·리포트 · 지자체 정책의 영구적 근거 자산 | E52: =SUM(E53:E59) -> 300000000
B53: 6-1 | C53: 데이터 수집·정제 파이프라인 | D53: 공실·매칭·이벤트·소비·유동 데이터 표준 ETL, 일배치+스트리밍 혼합 | E53: 45000000
B54: 6-2 | C54: 자동 정기 리포트 발행 서비스 | D54: 월·분기 PDF 리포트, 템플릿 차트 + LLM 텍스트 초안, 운영자 확정 후 배포 | E54: 30000000
B55: 6-3 | C55: 지자체용 BI 대시보드 | D55: 드래그·드롭 필터, 시계열·코호트·퍼널 분석, 별도 학습 불필요 | E55: 45000000
B56: 6-4 | C56: 시민·임차인 자동 만족도 설문·집계 시스템 | D56: 설문 발송·수집, 정량 지표 + 정성 피드백 통합 리포트 | E56: 30000000
B57: 6-5 | C57: 개인정보 비식별화·보안 시스템 | D57: 개인정보보호법·ISMS-P 기준 비식별화, 데이터 활용 안전성 확보 | E57: 30000000
B58: 6-6 | C58: 정책 시나리오·A/B 분석 도구 | D58: 정책 변경 전 시나리오 비교·A/B 분석으로 효과를 사전 점검 (효과 단정이 아닌 비교 분석) | E58: 45000000
B59: 6-7 | C59: 상권·유동인구 진단 리포트 서비스 | D59: 카드매출·유동인구·업종 분포 데이터 연동, 거리·권역별 상권 건강도·입지 진단 리포트 자동 발행 (원천 데이터 제휴·구매 별도) | E59: 75000000
B61: 7 | C61: 미션 베이스 인재 매칭 · 지역 청년 유출·소도시 인구 감소 대응 | E61: =SUM(E62:E66) -> 165000000
B62: 7-1 | C62: 미션 기반 단기 인재 매칭 플랫폼 | D62: 단발 미션·프로젝트 단위 매칭, 청년·로컬 크리에이터 우선 | E62: 30000000
B63: 7-2 | C63: 비전·스토리 기반 채용 큐레이션 시스템 | D63: 단순 스펙이 아닌 비전·스토리로 매칭하는 큐레이션 워크플로우 | E63: 30000000
B64: 7-3 | C64: 로컬 크리에이터·청년 풀 관리 허브 | D64: 지역 인재 풀 DB·이력 관리·재참여 추적 | E64: 30000000
B65: 7-4 | C65: 활동 이력·역량 평가 시스템 | D65: 미션 누적 결과 이력화, 인재 성장 지원 | E65: 30000000
B66: 7-5 | C66: 온라인 교육·역량 강화 프로그램 | D66: 매칭 전후 교육 콘텐츠 제공, 지역 인재 역량 강화 | E66: 45000000
B68: 8 | C68: 포용성·도시 가족 · 고령화·출산·다문화 등 정주 환경 대응 (안내 IT 중심) | E68: =SUM(E69:E75) -> 240000000
B69: 8-1 | C69: AI 통합 안내 챗봇 (다국어·접근성) | D69: 시설·교통약자 동선·다국어 안내를 한 채널로 응대하는 대화형 안내. 기존 LLM·번역·지도 API 연동, 포용성 안내 데이터 통합 활용 | E69: 60000000
B70: 8-2 | C70: 노인 친화 가이드·안내 시스템 | D70: 큰 폰트·음성·간단한 동선, 어르신 친화 UX | E70: 30000000
B71: 8-3 | C71: 키즈 웰컴 공간·동선 안내 플랫폼 | D71: 유아 동반 가능 공간·기저귀룸·키즈존 등록·안내 | E71: 30000000
B72: 8-4 | C72: 출산·육아 친화 시설 등록·매칭 시스템 | D72: 기존 시설 정보 통합 등록·안내·매칭. 출산 장려 정책과 연계 | E72: 30000000
B73: 8-5 | C73: 다국어 안내·번역 엔진 | D73: 외국인 관광객·거주자 다국어 안내 | E73: 30000000
B74: 8-6 | C74: 교통 약자 동선·접근성 안내 시스템 | D74: 휠체어·고령자·시각장애인 접근성 가이드 | E74: 30000000
B75: 8-7 | C75: 반려동물 동반 공간 안내 플랫폼 | D75: 펫 동반 가능 시설·동선 등록·검색 | E75: 30000000
B77: 9 | C77: 기업 유치·투자 · 지자체 인구·세수·일자리 목표 직결 | E77: =SUM(E78:E82) -> 195000000
B78: 9-1 | C78: 빅브랜드·앵커 테넌트 유치 매칭 플랫폼 | D78: 도시 활성화 데이터를 근거로 빅브랜드 입점 매칭 | E78: 45000000
B79: 9-2 | C79: 투자 유치·창업 매칭 플랫폼 | D79: 지역 데이터·스토리 기반 투자자·창업가 매칭 | E79: 45000000
B80: 9-3 | C80: 지자체 창업 지원 프로그램 매칭 서비스 | D80: 지자체 창업 지원 프로그램과 지역 창업가를 직접 연결. 신청 워크플로우 통합 | E80: 30000000
B81: 9-4 | C81: 본사 이전·상생 매칭 시스템 | D81: 지방 이전 검토 기업과 지자체 매칭, 상생 패키지 제공 | E81: 45000000
B82: 9-5 | C82: 창업 보육 지사·인큐베이터 연결 서비스 | D82: 전국 창업 보육 지사·인큐베이터와 지역 창업가 연결 | E82: 30000000
B84: 10 | C84: ESG · 지자체 ESG 평가·정책 대응 | E84: =SUM(E85:E89) -> 180000000
B85: 10-1 | C85: 다회용컵·친환경 운영 시스템 (거리 공용) | D85: 거리 가맹 상점이 공용으로 쓰는 다회용컵·포장재 회수·세척 운영 트래킹 | E85: 45000000
B86: 10-2 | C86: 지역 ESG 지표 추적 리포트 | D86: 탄소 절감·자원 순환·시민 참여 등 ESG 지표 집계·리포트 | E86: 30000000
B87: 10-3 | C87: 지자체-운영팀 거버넌스 협의 시스템 | D87: 정기 협의록·의제·의사결정 추적, 정책 효과 공동 검토 (지자체 ESG 평가 대응) | E87: 30000000
B88: 10-4 | C88: 시민 정책 의견 수렴 서비스 | D88: 시민 의견 수렴·집계·리포트. 정책 의견 중심 | E88: 30000000
B89: 10-5 | C89: ESG/CSR 기업 협력 매칭 플랫폼 | D89: 대기업 ESG 활동과 지역 사업 매칭, 사회 환원 채널화 | E89: 45000000
B91: 11 | C91: 기타 · 시장 검증된 큰 운영 기능 | E91: =SUM(E92:E97) -> 210000000
B92: 11-1 | C92: 줄서기·대기열 디지털화 시스템 | D92: 원격 대기·호출 알림, 대기 시간 가시화 | E92: 30000000
B93: 11-2 | C93: 스마트 오더·미리 오더 플랫폼 | D93: 모바일 사전 주문·결제·픽업, 매장 회전율 향상 | E93: 45000000
B94: 11-3 | C94: 드라이브 스루 운영 시스템 | D94: 모바일 주문 → 차량 픽업 동선 매핑 | E94: 45000000
B95: 11-4 | C95: 모바일 통합 주문·결제 플랫폼 | D95: 동네 상점 통합 주문·결제 (경량 버전) | E95: 30000000
B96: 11-5 | C96: 공간 청결·위생 점검·인증 시스템 | D96: QR 위생 인증, 정기 점검 워크플로우, 시민 신뢰 확보 | E96: 30000000
B97: 11-6 | C97: 의사결정·구성원 투표 시스템 | D97: 지자체·운영팀·임차인 등 구성원 의사결정 투표·집계·공지 | E97: 30000000
B100: 총 합 계 | E100: =E8+E18+E29+E37+E45+E52+E61+E68+E77+E84+E91 -> 2760000000

Sheet 요약
B4: 단계별 · 카테고리별 견적 합계
B5: 각 단계 시트에서 [도입] 체크 변경 시 자동 갱신 · 단위: 원 (₩) · 부가세 별도
B7: # | C7: 카테고리 | D7: 거리 | E7: 권역 | F7: 광역 | G7: 거리 비중
B8: 1 | C8: 공간 | D8: =거리!E8 -> 135000000 | E8: =권역!E8 -> 229500000 | F8: =광역!E8 -> 405000000 | G8: =IFERROR(D8/D19, 0) -> 0.14673913
B9: 2 | C9: 아이템 | D9: =거리!E18 -> 140000000 | E9: =권역!E18 -> 238000000 | F9: =광역!E18 -> 420000000 | G9: =IFERROR(D9/D19, 0) -> 0.15217391
B10: 3 | C10: 이벤트 | D10: =거리!E29 -> 80000000 | E10: =권역!E29 -> 136000000 | F10: =광역!E29 -> 240000000 | G10: =IFERROR(D10/D19, 0) -> 0.086956522
B11: 4 | C11: 네트워크·시너지 | D11: =거리!E37 -> 75000000 | E11: =권역!E37 -> 127500000 | F11: =광역!E37 -> 225000000 | G11: =IFERROR(D11/D19, 0) -> 0.081521739
B12: 5 | C12: 멤버십·지역화폐 | D12: =거리!E45 -> 60000000 | E12: =권역!E45 -> 102000000 | F12: =광역!E45 -> 180000000 | G12: =IFERROR(D12/D19, 0) -> 0.065217391
B13: 6 | C13: 성과 시각화·리포트 | D13: =거리!E52 -> 100000000 | E13: =권역!E52 -> 170000000 | F13: =광역!E52 -> 300000000 | G13: =IFERROR(D13/D19, 0) -> 0.10869565
B14: 7 | C14: 미션 베이스 인재 매칭 | D14: =거리!E61 -> 55000000 | E14: =권역!E61 -> 93500000 | F14: =광역!E61 -> 165000000 | G14: =IFERROR(D14/D19, 0) -> 0.059782609
B15: 8 | C15: 포용성·도시 가족 | D15: =거리!E68 -> 80000000 | E15: =권역!E68 -> 136000000 | F15: =광역!E68 -> 240000000 | G15: =IFERROR(D15/D19, 0) -> 0.086956522
B16: 9 | C16: 기업 유치·투자 | D16: =거리!E77 -> 65000000 | E16: =권역!E77 -> 110500000 | F16: =광역!E77 -> 195000000 | G16: =IFERROR(D16/D19, 0) -> 0.070652174
B17: 10 | C17: ESG | D17: =거리!E84 -> 60000000 | E17: =권역!E84 -> 102000000 | F17: =광역!E84 -> 180000000 | G17: =IFERROR(D17/D19, 0) -> 0.065217391
B18: 11 | C18: 기타 | D18: =거리!E91 -> 70000000 | E18: =권역!E91 -> 119000000 | F18: =광역!E91 -> 210000000 | G18: =IFERROR(D18/D19, 0) -> 0.076086957
B19: 총 합 계 | D19: =거리!E100 -> 920000000 | E19: =권역!E100 -> 1564000000 | F19: =광역!E100 -> 2760000000 | G19: 100.0%
B21: ※ 각 단계 시트의 [도입] 컬럼을 변경하면 본 표가 자동 갱신됩니다.
